{ "results": [
	{
        "ACL": {
            "*": {
                "read": true
            }
        },
        "createdAt": "2014-09-21T05:56:16.818Z",
        "name": "Operator",
        "objectId": "u21ko2asB3",
        "updatedAt": "2014-09-21T05:58:03.278Z"
    },
	{
        "ACL": {
            "*": {
                "read": true
            }
        },
        "createdAt": "2014-09-21T05:56:17.852Z",
        "name": "CallCenter",
        "objectId": "4zQpF0AfzI",
        "updatedAt": "2014-09-21T06:16:00.569Z"
    },
	{
        "ACL": {
            "*": {
                "read": true
            }
        },
        "createdAt": "2014-11-14T04:56:26.479Z",
        "name": "FieldOperator",
        "objectId": "TumpvFyLaR",
        "updatedAt": "2014-11-14T04:56:26.479Z"
    }
] }