{ "results": [
	{
        "createdAt": "2014-11-14T03:29:34.264Z",
        "incident": {
            "__type": "Pointer",
            "className": "Incident",
            "objectId": "vq6UXTARQH"
        },
        "objectId": "eOZ6GvQNB9",
        "quantity": 1,
        "resource": {
            "__type": "Pointer",
            "className": "Resource",
            "objectId": "DRot1V5mgX"
        },
        "updatedAt": "2014-11-14T03:29:34.264Z"
    },
	{
        "createdAt": "2014-11-14T03:31:15.514Z",
        "incident": {
            "__type": "Pointer",
            "className": "Incident",
            "objectId": "50AcXTCFhV"
        },
        "objectId": "LnYZ5ovtiC",
        "quantity": 1,
        "resource": {
            "__type": "Pointer",
            "className": "Resource",
            "objectId": "DRot1V5mgX"
        },
        "updatedAt": "2014-11-14T03:31:15.514Z"
    },
	{
        "createdAt": "2014-11-14T03:31:17.253Z",
        "incident": {
            "__type": "Pointer",
            "className": "Incident",
            "objectId": "aCaJhMxiK7"
        },
        "objectId": "9x8SV0ktvs",
        "quantity": 1,
        "resource": {
            "__type": "Pointer",
            "className": "Resource",
            "objectId": "DRot1V5mgX"
        },
        "updatedAt": "2014-11-14T03:31:17.253Z"
    },
	{
        "createdAt": "2014-11-14T03:31:19.127Z",
        "incident": {
            "__type": "Pointer",
            "className": "Incident",
            "objectId": "CeY0bPYTBN"
        },
        "objectId": "Gqctm5QDJ4",
        "quantity": 1,
        "resource": {
            "__type": "Pointer",
            "className": "Resource",
            "objectId": "DRot1V5mgX"
        },
        "updatedAt": "2014-11-14T03:31:19.127Z"
    },
	{
        "createdAt": "2014-11-14T03:31:21.389Z",
        "incident": {
            "__type": "Pointer",
            "className": "Incident",
            "objectId": "vq6UXTARQH"
        },
        "objectId": "edv5eRRSf1",
        "quantity": 1,
        "resource": {
            "__type": "Pointer",
            "className": "Resource",
            "objectId": "DRot1V5mgX"
        },
        "updatedAt": "2014-11-14T03:31:21.389Z"
    }
] }