{ "results": [
	{
        "createdAt": "2014-09-21T06:37:41.910Z",
        "name": "Emergency Ambulance",
        "objectId": "JFF9osknXg",
        "updatedAt": "2014-09-21T06:37:41.910Z"
    },
	{
        "createdAt": "2014-09-21T06:37:51.144Z",
        "name": "Rescue and Evacuation",
        "objectId": "esoQOQmCC0",
        "updatedAt": "2014-09-21T06:37:51.144Z"
    },
	{
        "createdAt": "2014-09-21T06:38:02.559Z",
        "name": "Fire-Fighting",
        "objectId": "PPGPWnsBdv",
        "updatedAt": "2014-09-21T06:38:02.559Z"
    },
	{
        "createdAt": "2014-09-21T06:38:12.485Z",
        "name": "Gas Leak Control",
        "objectId": "YyFuafB5f8",
        "updatedAt": "2014-09-21T06:38:12.485Z"
    }
] }