{ "results": [
	{
        "createdAt": "2014-11-13T16:56:27.583Z",
        "description": "I don't know why I'm hot. I'm having a high fewer for 5 days. I have taken some medicine but there is not improvement. I'm dying. I need a girl.",
        "location": {
            "__type": "GeoPoint",
            "latitude": 1.345838,
            "longitude": 103.688167
        },
        "name": "I'm hot",
        "objectId": "50AcXTCFhV",
        "priority": 3,
        "reporter": {
            "__type": "Pointer",
            "className": "Reporter",
            "objectId": "0rj8rdNhqE"
        },
        "status": "new",
        "updatedAt": "2014-11-13T17:17:18.997Z"
    },
	{
        "createdAt": "2014-11-13T16:54:16.088Z",
        "description": "There are three unknown people in my room. All of them wearing yellow shirt. As a result, I'm sick of them. ",
        "location": {
            "__type": "GeoPoint",
            "latitude": 1.345881,
            "longitude": 103.68924
        },
        "name": "Many Sick People in my room",
        "objectId": "aCaJhMxiK7",
        "priority": 8,
        "reporter": {
            "__type": "Pointer",
            "className": "Reporter",
            "objectId": "JgoM2ri43B"
        },
        "status": "new",
        "updatedAt": "2014-11-13T17:18:00.023Z"
    },
	{
        "createdAt": "2014-11-13T16:52:12.462Z",
        "description": "My roomie is sick. He has fewer, headache, muscle and joint pains. ",
        "location": {
            "__type": "GeoPoint",
            "latitude": 1.345913,
            "longitude": 103.687158
        },
        "name": "Roomie Sick",
        "objectId": "CeY0bPYTBN",
        "priority": 5,
        "reporter": {
            "__type": "Pointer",
            "className": "Reporter",
            "objectId": "kN48QVP63n"
        },
        "status": "new",
        "updatedAt": "2014-11-13T17:18:36.595Z"
    },
	{
        "createdAt": "2014-11-14T03:28:20.662Z",
        "description": "Fever",
        "name": "Sick",
        "objectId": "vq6UXTARQH",
        "priority": 5,
        "reporter": {
            "__type": "Pointer",
            "className": "Reporter",
            "objectId": "SY6rCwfnV3"
        },
        "status": "new",
        "updatedAt": "2014-11-14T03:28:20.662Z"
    },
	{
        "createdAt": "2014-11-14T03:33:38.228Z",
        "description": "fever",
        "incidentImage": {
            "__type": "File",
            "name": "tfss-e85ef6ea-0c7c-4125-b904-46361295f0a0-data.jpg",
            "url": "http://files.parsetfss.com/ab6ba68a-ec54-405a-be8f-f25018a1ea23/tfss-e85ef6ea-0c7c-4125-b904-46361295f0a0-data.jpg"
        },
        "location": {
            "__type": "GeoPoint",
            "latitude": 1.34831,
            "longitude": 103.683135
        },
        "name": "fever",
        "objectId": "C0204ymzT5",
        "priority": 1,
        "status": "new",
        "updatedAt": "2014-11-14T03:33:38.228Z",
        "user": {
            "__type": "Pointer",
            "className": "_User",
            "objectId": "R3cI3LbYHn"
        }
    }
] }