{ "results": [
	{
        "createdAt": "2014-09-21T03:51:01.095Z",
        "description": "Singapore Civil Defence Force",
        "name": "Rescue and Evacuation - SCDF",
        "objectId": "7wjtG1QQRt",
        "updatedAt": "2014-09-21T03:51:24.254Z"
    },
	{
        "createdAt": "2014-09-21T03:50:03.302Z",
        "description": "Singapore Civil Defence Force",
        "name": "Emergency Ambulance",
        "objectId": "AOMSMYGLuZ",
        "updatedAt": "2014-09-21T03:51:25.286Z"
    },
	{
        "createdAt": "2014-09-21T03:51:35.878Z",
        "description": "Singapore Civil Defence Force",
        "name": "Fire-Fighting - SCDF",
        "objectId": "DW0ETOLCM4",
        "updatedAt": "2014-09-21T07:38:14.262Z"
    },
	{
        "createdAt": "2014-09-21T03:51:54.103Z",
        "name": "Gas Leak Control – Singapore Power",
        "objectId": "d4vroVpy72",
        "updatedAt": "2014-09-21T03:51:54.103Z"
    }
] }