{ "results": [
	{
        "NRIC": "W123N",
        "address": "Hall 17",
        "createdAt": "2014-11-13T16:52:09.586Z",
        "mobile_no": "+6587654321",
        "name": "Winston",
        "objectId": "kN48QVP63n",
        "typeOfAssistance": "Emergency Ambulance",
        "updatedAt": "2014-11-13T16:52:09.586Z"
    },
	{
        "NRIC": "K123H",
        "address": "Hall 18",
        "createdAt": "2014-11-13T16:54:13.173Z",
        "mobile_no": "+6587654321",
        "name": "Kenneth",
        "objectId": "JgoM2ri43B",
        "typeOfAssistance": "Emergency Ambulance",
        "updatedAt": "2014-11-13T16:54:13.173Z"
    },
	{
        "NRIC": "S123N",
        "address": "Hall 1",
        "createdAt": "2014-11-13T16:56:25.547Z",
        "mobile_no": "+6587654321",
        "name": "Soe Lynn",
        "objectId": "0rj8rdNhqE",
        "typeOfAssistance": "Emergency Ambulance",
        "updatedAt": "2014-11-13T16:56:25.547Z"
    },
	{
        "NRIC": "G123N",
        "address": "Hall 19",
        "createdAt": "2014-11-14T01:47:09.912Z",
        "mobile_no": "98572617",
        "name": "Lynn",
        "objectId": "CBw0oT7ETw",
        "typeOfAssistance": "Emergency Ambulance",
        "updatedAt": "2014-11-14T01:47:09.912Z"
    },
	{
        "NRIC": "A123N",
        "address": "Hall 1",
        "createdAt": "2014-11-14T02:13:22.385Z",
        "mobile_no": "123123",
        "name": "Andy",
        "objectId": "ZkrXX6ckle",
        "typeOfAssistance": "Emergency Ambulance",
        "updatedAt": "2014-11-14T02:13:22.385Z"
    },
	{
        "NRIC": "L123N",
        "address": "Hall 17",
        "createdAt": "2014-11-14T03:28:19.241Z",
        "mobile_no": "71231",
        "name": "Lynn",
        "objectId": "SY6rCwfnV3",
        "typeOfAssistance": "Emergency Ambulance",
        "updatedAt": "2014-11-14T03:28:19.241Z"
    }
] }