{ "results": [
	{
        "createdAt": "2014-11-14T01:49:32.294Z",
        "incident": {
            "__type": "Pointer",
            "className": "Incident",
            "objectId": "aCaJhMxiK7"
        },
        "objectId": "n62fwvu2h9",
        "quantityRequested": 999,
        "region": "Central",
        "requester": {
            "__type": "Pointer",
            "className": "_User",
            "objectId": "R3cI3LbYHn"
        },
        "resource": {
            "__type": "Pointer",
            "className": "Resource",
            "objectId": "6KZ0HAm7d4"
        },
        "updatedAt": "2014-11-14T01:49:33.033Z"
    },
	{
        "createdAt": "2014-11-14T03:34:00.563Z",
        "incident": {
            "__type": "Pointer",
            "className": "Incident",
            "objectId": "aCaJhMxiK7"
        },
        "objectId": "9ayCnKXBVA",
        "quantityRequested": 99,
        "region": "North",
        "requester": {
            "__type": "Pointer",
            "className": "_User",
            "objectId": "R3cI3LbYHn"
        },
        "resource": {
            "__type": "Pointer",
            "className": "Resource",
            "objectId": "DRot1V5mgX"
        },
        "updatedAt": "2014-11-14T03:34:01.903Z"
    }
] }