{ "results": [
	{
        "createdAt": "2014-09-21T07:37:46.984Z",
        "description": "fire fighter strong man",
        "location": {
            "__type": "GeoPoint",
            "latitude": 1.347625,
            "longitude": 103.73119
        },
        "name": "fire fighter",
        "objectId": "sfMXTpanHr",
        "quantity": 100,
        "updatedAt": "2014-09-21T07:38:13.648Z"
    },
	{
        "createdAt": "2014-11-04T11:27:45.535Z",
        "description": "police car",
        "location": {
            "__type": "GeoPoint",
            "latitude": 1.347625,
            "longitude": 103.73119
        },
        "name": "police car",
        "objectId": "myOvpxqtNC",
        "quantity": 50,
        "updatedAt": "2014-11-04T11:28:09.498Z"
    },
	{
        "createdAt": "2014-11-13T16:20:08.566Z",
        "description": "it is use for serious haze condition",
        "location": {
            "__type": "GeoPoint",
            "latitude": 1.346102,
            "longitude": 103.681613
        },
        "name": "N95 Masks",
        "objectId": "6KZ0HAm7d4",
        "quantity": 1000000,
        "updatedAt": "2014-11-13T16:21:23.599Z"
    },
	{
        "createdAt": "2014-11-13T16:22:04.248Z",
        "description": "Jurong West Hospial bed",
        "location": {
            "__type": "GeoPoint",
            "latitude": 1.327078,
            "longitude": 103.680405
        },
        "name": "Jurong West Hospital",
        "objectId": "DRot1V5mgX",
        "quantity": 1000,
        "updatedAt": "2014-11-13T17:38:59.366Z"
    }
] }